{"_wandb":{"runtime":90},"_step":0,"loss/train":1.640625,"lr":1.2202456766718092e-06,"_timestamp":1.736776593697056e+09,"_runtime":10.95031601}