{"loss/train":1.517578125,"lr":1.2202456766718092e-06,"_timestamp":1.7367640095991588e+09,"_runtime":0.608771339,"_wandb":{"runtime":0},"_step":0}