{"_timestamp":1.7367765299437778e+09,"_wandb":{"runtime":29},"_runtime":7.833711386,"_step":0,"loss/train":1.150390625,"lr":1.2202456766718092e-06}