{"_timestamp":1.7367702959787984e+09,"_wandb":{"runtime":0},"_runtime":0.67136916,"_step":0,"loss/train":1.517578125,"lr":1.2202456766718092e-06}