{"_runtime":0.613687945,"_step":0,"loss/train":1.330078125,"lr":1.2202456766718092e-06,"_timestamp":1.7367630161616192e+09,"_wandb":{"runtime":0}}