{"loss/train":1.1318359375,"lr":1.2202456766718092e-06,"_timestamp":1.7367771963892667e+09,"_runtime":21.588364333,"_step":0,"_wandb":{"runtime":333}}