{"lr":1.2202456766718092e-06,"_wandb":{"runtime":138},"_timestamp":1.736776260183283e+09,"_runtime":17.474233345,"_step":0,"loss/train":0.70068359375}