{"_timestamp":1.7367727393913617e+09,"_runtime":2324.070838298,"_step":9646,"_wandb":{"runtime":2324},"loss/train":2.0390625,"lr":1.2202456766718092e-06}